,precision,recall,f1-score,support
dyed-lifted-polyps,0.855072463768116,0.7866666666666666,0.8194444444444444,150.0
dyed-resection-margins,0.8203592814371258,0.9133333333333333,0.8643533123028391,150.0
esophagitis,0.859504132231405,0.6933333333333334,0.7675276752767528,150.0
normal-cecum,0.9577464788732394,0.9066666666666666,0.9315068493150684,150.0
normal-pylorus,0.9299363057324841,0.9733333333333334,0.9511400651465798,150.0
normal-z-line,0.7441860465116279,0.8533333333333334,0.7950310559006211,150.0
polyps,0.8263473053892215,0.92,0.8706624605678234,150.0
ulcerative-colitis,0.9779411764705882,0.8866666666666667,0.9300699300699301,150.0
accuracy,0.8666666666666667,0.8666666666666667,0.8666666666666667,0.8666666666666667
macro avg,0.8713866488017259,0.8666666666666667,0.8662169741280074,1200.0
weighted avg,0.871386648801726,0.8666666666666667,0.8662169741280074,1200.0
