model,epoch,train_loss,train_accuracy,train_macro_f1,val_loss,val_accuracy,val_macro_f1,val_macro_specificity,val_mcc
small_cnn,1,0.9313088229724339,0.5923214285714286,0.5891478643631756,0.7767688703536987,0.6466666666666666,0.6263209833102065,0.9495238095238097,0.6051743556268763
small_cnn,2,0.7795439996038165,0.6473214285714286,0.6453467063545406,0.7124671117464701,0.6841666666666667,0.676647816914474,0.9548809523809523,0.6434928594370565
small_cnn,3,0.7441423903192793,0.6673214285714286,0.6655029083461746,0.7769512192408243,0.6183333333333333,0.5963944274833545,0.9454761904761905,0.5727993743561456
small_cnn,4,0.7104078320094517,0.6783928571428571,0.6764170193035697,0.665900526046753,0.6775,0.6658250142485327,0.9539285714285715,0.6358607270056165
small_cnn,5,0.6895524844101497,0.6869642857142857,0.6850742189311918,0.6302277008692424,0.7025,0.6950495126905102,0.9574999999999999,0.661748063242599
small_cnn,6,0.6726895362990243,0.69375,0.6921127117544477,0.6386112236976623,0.6991666666666667,0.6968175368482991,0.9570238095238095,0.6607007332173812
small_cnn,7,0.6386111336094993,0.7142857142857143,0.7126743717512204,0.6595963112513225,0.6808333333333333,0.6683551605307445,0.954404761904762,0.6407245243144125
small_cnn,8,0.6391692761012486,0.7142857142857143,0.7132135195263192,0.6042262228329977,0.705,0.6909492203503556,0.957857142857143,0.6668399094783939
small_cnn,9,0.6174655411924634,0.7275,0.7261312817259407,0.5648752748966217,0.7391666666666666,0.7305428378955426,0.9627380952380953,0.7053057058353398
small_cnn,10,0.6021009075641632,0.7291071428571428,0.7277039723703995,0.5690394202868144,0.7325,0.7309173364535161,0.9617857142857142,0.6963023853935054
